{
  "marginal_coverage": 0.8938053097345132,
  "type_coverage": {
    "power": 0.94,
    "water": 0.8421052631578947,
    "telecom": 0.88
  },
  "mean_width": 0.7743030190467834,
  "ece": 0.061061946902654825,
  "width_decile": {
    "decile_centers": [
      0.7243841290473938,
      0.7285783290863037,
      0.7387466549873352,
      0.7579814076423645,
      0.7811761260032654,
      0.7935020685195923,
      0.7980868816375732,
      0.8018747806549072,
      0.8055993556976319,
      0.811988377571106
    ],
    "coverage": [
      1.0,
      0.9166666666666666,
      0.9090909090909091,
      1.0,
      0.9090909090909091,
      0.5833333333333334,
      0.9090909090909091,
      0.9090909090909091,
      0.9090909090909091,
      0.9166666666666666
    ],
    "width_edges": [
      0.7243528366088867,
      0.7244154214859009,
      0.7327412366867065,
      0.7447520732879639,
      0.7712107419967651,
      0.7911415100097656,
      0.7958626270294189,
      0.8003111362457276,
      0.8034384250640869,
      0.8077602863311768,
      0.8162164688110352
    ]
  },
  "coverage_ci": {
    "point": 0.8938053097345132,
    "ci_lower": 0.831858407079646,
    "ci_upper": 0.9469026548672567,
    "se": 0.029620641629199917
  },
  "width_ci": {
    "point": 0.7743030190467834,
    "ci_lower": 0.7681422233581543,
    "ci_upper": 0.7807159557938576,
    "se": 0.0030920288003778527
  },
  "sigma_vs_hitrate": {
    "power": {
      "sigma_bin_centers": [
        1.000645649433136,
        1.0048441290855408,
        1.0112051248550415,
        1.0170460939407349,
        1.0241867899894714,
        1.040381407737732,
        1.0578891277313232,
        1.0832506895065308
      ],
      "hitrate": [
        1.0,
        0.8,
        1.0,
        0.8,
        1.0,
        1.0,
        1.0,
        0.8
      ],
      "bin_sizes": [
        15,
        5,
        5,
        5,
        4,
        6,
        5,
        5
      ]
    },
    "water": {
      "sigma_bin_centers": [
        1.0205832242965698,
        1.022290790081024,
        1.0233019828796386,
        1.0255589246749879,
        1.028121018409729,
        1.0294010400772096,
        1.0315804362297056,
        1.034663152694702,
        1.0376085937023163,
        1.0426072776317596
      ],
      "hitrate": [
        1.0,
        1.0,
        0.25,
        0.3333333333333333,
        1.0,
        1.0,
        1.0,
        1.0,
        0.75,
        1.0
      ],
      "bin_sizes": [
        4,
        4,
        4,
        3,
        4,
        4,
        3,
        4,
        4,
        4
      ]
    },
    "telecom": {
      "sigma_bin_centers": [
        1.0253485798835755,
        1.0273955106735229,
        1.0287261843681335,
        1.0301108360290527,
        1.0320730447769164,
        1.0340763568878173,
        1.0357986211776735,
        1.0368884325027468,
        1.0388039350509644,
        1.042885994911194
      ],
      "hitrate": [
        0.6666666666666666,
        1.0,
        1.0,
        1.0,
        0.5,
        1.0,
        1.0,
        1.0,
        0.5,
        1.0
      ],
      "bin_sizes": [
        3,
        2,
        3,
        2,
        2,
        3,
        2,
        3,
        2,
        3
      ]
    }
  },
  "degree_coverage": {
    "power": {
      "degree_bins": [
        1.0,
        1.0,
        1.5,
        2.5,
        5.0
      ],
      "coverage": [
        NaN,
        NaN,
        0.9583333333333334,
        1.0,
        0.8461538461538461
      ]
    },
    "water": {
      "degree_bins": [
        21.8,
        28.700000000000003,
        32.9,
        39.0,
        49.5
      ],
      "coverage": [
        1.0,
        1.0,
        1.0,
        0.8571428571428571,
        0.5
      ]
    },
    "telecom": {
      "degree_bins": [
        35.1,
        45.1,
        50.8,
        59.0,
        77.7
      ],
      "coverage": [
        0.8,
        1.0,
        1.0,
        1.0,
        0.6
      ]
    }
  },
  "nonexchangeability": {
    "power": {
      "statistic": -0.2857738033247041,
      "p_value": 0.7750513736700824,
      "n_runs": 25,
      "expected_runs": 26.0
    },
    "water": {
      "statistic": 1.5062169492102861,
      "p_value": 0.13201148979568877,
      "n_runs": 24,
      "expected_runs": 19.486486486486488
    },
    "telecom": {
      "statistic": 0.21282896242613855,
      "p_value": 0.8314603724860339,
      "n_runs": 14,
      "expected_runs": 13.48
    }
  },
  "spatial_autocorrelation": {
    "power": {
      "morans_i": 0.31631205673758744,
      "z_score": 2.3570415400202553,
      "p_value": 0.01842118606277099
    },
    "water": {
      "morans_i": 0.30416666666666736,
      "z_score": 2.01457259027107,
      "p_value": 0.043949451840877396
    },
    "telecom": {
      "morans_i": 0.024242424242424166,
      "z_score": 0.322887284275964,
      "p_value": 0.7467806066457108
    }
  }
}