{
  "baseline": {
    "mondrian_cp": {
      "mean_cov": 0.8938053097345132,
      "std_cov": 0.0,
      "mean_width": 0.837784469127655,
      "std_width": 0.0,
      "mean_ece": 0.0433628318584071
    },
    "chmp_mean": {
      "mean_cov": 0.8761061946902655,
      "std_cov": 0.0,
      "mean_width": 0.8273555636405945,
      "std_width": 0.0,
      "mean_ece": 0.07168141592920352
    },
    "chmp_median": {
      "mean_cov": 0.8761061946902655,
      "std_cov": 0.0,
      "mean_width": 0.8299878835678101,
      "std_width": 0.0,
      "mean_ece": 0.05752212389380529
    },
    "chmp_median_floor": {
      "mean_cov": 0.8761061946902655,
      "std_cov": 0.0,
      "mean_width": 0.8299878835678101,
      "std_width": 0.0,
      "mean_ece": 0.05752212389380529
    }
  },
  "advanced": {
    "meta_learned": {
      "mean_cov": 0.9026548672566371,
      "std_cov": 0.0,
      "mean_width": 0.7767603993415833,
      "std_width": 0.0,
      "mean_ece": 0.08584070796460175
    },
    "chmp_learned_lambda": {
      "mean_cov": 0.8938053097345132,
      "std_cov": 0.0,
      "mean_width": 0.7640095949172974,
      "std_width": 0.0,
      "mean_ece": 0.07699115044247783
    },
    "chmp_attention": {
      "mean_cov": 0.8938053097345132,
      "std_cov": 0.0,
      "mean_width": 0.7756247520446777,
      "std_width": 0.0,
      "mean_ece": 0.059292035398230046
    },
    "cqr_propagation": {
      "mean_cov": 0.8849557522123894,
      "std_cov": 0.0,
      "mean_width": 1.2244073152542114,
      "std_width": 0.0,
      "mean_ece": 0.09999999999999998
    }
  },
  "ensemble": {
    "ensemble_cp": {
      "mean_cov": 0.8849557522123894,
      "std_cov": 0.0,
      "mean_width": 0.7597346901893616,
      "std_width": 0.0,
      "mean_ece": 0.08053097345132741
    }
  },
  "lambda": {
    "0.0": {
      "mean_cov": 0.8849557522123894,
      "std_cov": 0.0,
      "mean_width": 0.8739104866981506,
      "std_width": 0.0,
      "mean_ece": 0.02389380530973453
    },
    "0.1": {
      "mean_cov": 0.8849557522123894,
      "std_cov": 0.0,
      "mean_width": 0.8756648302078247,
      "std_width": 0.0,
      "mean_ece": 0.08230088495575219
    },
    "0.3": {
      "mean_cov": 0.8849557522123894,
      "std_cov": 0.0,
      "mean_width": 0.8781423568725586,
      "std_width": 0.0,
      "mean_ece": 0.0823008849557522
    },
    "0.5": {
      "mean_cov": 0.8849557522123894,
      "std_cov": 0.0,
      "mean_width": 0.8770791888237,
      "std_width": 0.0,
      "mean_ece": 0.08053097345132741
    },
    "1.0": {
      "mean_cov": 0.8672566371681416,
      "std_cov": 0.0,
      "mean_width": 0.8518864512443542,
      "std_width": 0.0,
      "mean_ece": 0.11592920353982299
    }
  },
  "alpha": {
    "0.05": {
      "mean_cov": 0.9734513274336283,
      "std_cov": 0.0,
      "mean_width": 1.1163536310195923,
      "std_width": 0.0,
      "mean_ece": 0.04557522123893808
    },
    "0.1": {
      "mean_cov": 0.9203539823008849,
      "std_cov": 0.0,
      "mean_width": 0.8621171116828918,
      "std_width": 0.0,
      "mean_ece": 0.05398230088495571
    },
    "0.15": {
      "mean_cov": 0.8761061946902655,
      "std_cov": 0.0,
      "mean_width": 0.7849065065383911,
      "std_width": 0.0,
      "mean_ece": 0.07477876106194689
    },
    "0.2": {
      "mean_cov": 0.8141592920353983,
      "std_cov": 0.0,
      "mean_width": 0.6422646045684814,
      "std_width": 0.0,
      "mean_ece": 0.0920353982300885
    }
  }
}