dataset,method,causal_lens_effect,manual_effect,abs_diff,match
lalonde,Regression,1548.2438020003797,1548.2438020003797,0.0,True
lalonde,IPW,232.42121949850025,232.42121949850025,0.0,True
lalonde,DoublyRobust,798.718243476316,798.718243476316,0.0,True
nhefs,Regression,3.3341674140824518,3.3341674140824518,0.0,True
nhefs,IPW,3.2634978711907743,3.2634978711907743,0.0,True
nhefs,DoublyRobust,3.293647427944588,3.293647427944588,0.0,True
