bias,adjusted_effect,adjusted_ci_low,adjusted_ci_high
0.0,1709.503487405228,535.4069985724122,2578.0395826429517
427.37587185130707,1282.127615553921,108.03112672110518,2150.6637107916445
854.7517437026141,854.7517437026139,-319.3447451302019,1723.2878389403377
1282.1276155539213,427.3758718513068,-746.720616981509,1295.9119670890304
1709.5034874052283,-2.2737367544323206e-13,-1174.096488832816,868.5360952377234
2136.8793592565353,-427.37587185130724,-1601.472360684123,441.1602233864164
