method,estimand,effect,se,p_value,ci_low,ci_high,overlap_ok,mean_abs_balance_before,mean_abs_balance_after,ess_treated,ess_control
RegressionAdjustmentEstimator,ATE,1480.6609612042494,778.2921343343347,0.05765017697937161,200.62506125308738,2515.375208205852,True,0.40968470012688657,0.40968470012688657,,
PropensityMatcher,ATT,1429.146070833333,,,230.22653386839545,2705.413642675318,True,0.40968470012688657,0.060820366670448454,108.0,108.0
IPWEstimator,ATE,1463.9472999310256,789.2203877867213,0.0636064538342942,318.03933396643043,3781.286263034996,True,0.40968470012688657,0.0958671379088994,76.74945911883101,279.44499470339315
DoublyRobustEstimator,ATE,1709.503487405228,671.6377122219651,0.010919133081418897,535.4069985724122,2578.0395826429517,True,0.40968470012688657,0.09751886548992271,78.78432240617052,279.44499470339315
