method,estimand,effect,se,p_value,ci_low,ci_high,overlap_ok,mean_abs_balance_before,mean_abs_balance_after,ess_treated,ess_control
RegressionAdjustmentEstimator,ATE,3.3341674140824518,0.4409594321908831,6.79265457494549e-14,2.2393722320170943,3.9295822307617794,True,0.1521322101281169,0.1521322101281169,,
PropensityMatcher,ATT,3.2117884332647817,,,2.367152375833192,4.260865857236429,True,0.1521322101281169,0.029879113398767032,389.0,389.0
IPWEstimator,ATE,3.2634978711907743,0.5219116810400763,4.027205235956899e-10,2.1075065164087547,4.012893977499098,True,0.1521322101281169,0.012853630864701801,343.8363550323472,1139.3837274814848
DoublyRobustEstimator,ATE,3.293647427944588,0.49697147871749936,3.415645544180279e-11,2.1395753349188826,4.040344599824692,True,0.1521322101281169,0.012853630864701768,343.8363550323473,1139.3837274814848
