placebo_outcome,method,effect,ci_low,ci_high,passes
re74,RegressionAdjustmentEstimator,-1103.4173704795483,-1724.8761231529295,-372.80546584655457,False
re74,PropensityMatcher,-988.5665997196262,-1848.986534965952,1248.1088934493723,True
re74,IPWEstimator,-2734.405828595222,-3770.680397744775,-2217.6602268001407,False
re74,DoublyRobustEstimator,-2530.463292109368,-3698.6131837788153,-1661.3649530571668,False
