method,estimand,effect,se,p_value,ci_low,ci_high,overlap_ok,mean_abs_balance_before,mean_abs_balance_after,ess_treated,ess_control
RegressionAdjustmentEstimator,ATE,-0.044435779119835817,0.0015906641237964797,9.337831839234702e-29,-0.04699361743083864,-0.041079032620425386,True,0.00782780363856473,0.00782780363856473,,
PropensityMatcher,ATT,-0.044583333333333336,,,-0.059937500000000005,-0.0314375,True,0.00782780363856473,0.007996162762590386,24.0,24.0
IPWEstimator,ATE,-0.04460196135502753,0.007914383749616347,1.744933353364786e-08,-0.049666476743286746,-0.04014921003583644,True,0.00782780363856473,0.0048288480832506244,23.986629038004885,23.985212322119793
DoublyRobustEstimator,ATE,-0.04444583349959205,0.0016276738091881727,0.0,-0.04768995046849565,-0.041041628566135156,True,0.00782780363856473,0.0048288480832506244,23.986629038004885,23.985212322119793
