gamma,p_upper,significant_at_05
1.0,0.1129986812667243,False
1.25,0.4169396723798835,False
1.5,0.7276262472049871,False
1.75,0.9029762396186529,False
2.0,0.9716186716974026,False
2.5,0.9983529607975136,False
3.0,0.9999305414386794,False
