method,estimand,effect,se,p_value,ci_low,ci_high,overlap_ok,mean_abs_balance_before,mean_abs_balance_after,ess_treated,ess_control
RegressionAdjustmentEstimator,ATE,1.9846249321644263,0.09549207618442111,1.5341017594174085e-72,1.8069397918112529,2.2310001115196507,True,0.4101570945338573,0.4101570945338573,,
PropensityMatcher,ATT,1.7069487424995728,,,1.402572928720663,2.407505405011735,True,0.4101570945338573,0.05052043831836204,155.0,155.0
IPWEstimator,ATE,1.927137190707402,0.48273176489960024,6.547717482363602e-05,1.610369618478195,2.1935281232207036,True,0.4101570945338573,0.01574644379960979,350.1354855271612,140.39712053976024
DoublyRobustEstimator,ATE,1.9354540855590772,0.10234982894973098,0.0,1.7356625729311412,2.1552237917257053,True,0.4101570945338573,0.015746443799608996,350.1354855271611,140.39712053976032
